2021/05/07 16:17:40,createCard
2021/05/07 16:17:40,createCard
2021/05/07 16:17:40,createCard
2021/05/07 16:17:40,createCard
2021/05/07 16:17:40,createUser
2021/05/07 16:17:40,createUser
2021/05/07 16:17:40,createUser
2021/05/07 16:17:40,createUser
2021/05/07 16:17:40,createOrganizer
2021/05/07 16:17:40,createPrice
2021/05/07 16:17:40,createProductAuction
2021/05/07 16:17:40,placeBid
2021/05/07 16:17:40,placeBid
2021/05/07 16:17:40,modifyBid
2021/05/07 16:17:40,cancelBid
2021/05/07 16:17:40,placeBid
2021/05/07 16:17:40,placeBid
2021/05/07 16:17:40,modifyBid
2021/05/07 16:17:40,cancelBid
2021/05/07 16:17:40,placeBid
2021/05/07 16:17:40,placeBid
2021/05/07 16:17:40,placeBid
2021/05/07 16:17:40,placeBid
2021/05/07 16:17:40,placeBid
2021/05/07 16:17:40,cancelBid
2021/05/07 16:17:40,modifyBid
2021/05/07 16:17:40,createPrice
2021/05/07 16:17:40,createServiceAuction
2021/05/07 16:17:40,placeBid
2021/05/07 16:17:40,placeBid
2021/05/07 16:17:40,modifyBid
2021/05/07 16:17:40,cancelBid
2021/05/07 16:17:40,placeBid
2021/05/07 16:17:40,placeBid
2021/05/07 16:17:40,modifyBid
2021/05/07 16:17:40,cancelBid
2021/05/07 16:17:40,placeBid
2021/05/07 16:17:40,cancelBid
2021/05/07 16:17:40,modifyBid
2021/05/07 16:17:40,cancelBid
2021/05/07 16:17:40,placeBid
2021/05/07 16:17:40,modifyBid
2021/05/07 16:17:40,cancelBid
2021/05/07 16:17:40,placeBid
2021/05/07 16:17:40,createOrganizer
2021/05/07 16:17:40,createServiceAuction
2021/05/07 16:17:40,endAuction
2021/05/07 16:17:40,endAuction
2021/05/07 16:17:40,endAuction
2021/05/07 16:17:40,cancelAuction
2021/05/07 16:17:40,cancelAuction
2021/05/07 16:17:40,cancelAuction
2021/05/07 17:30:00,createCard
2021/05/07 17:30:00,createCard
2021/05/07 17:30:00,createCard
2021/05/07 17:30:00,createCard
2021/05/07 17:30:00,createUser
2021/05/07 17:30:00,createUser
2021/05/07 17:30:00,createUser
2021/05/07 17:30:00,createUser
2021/05/07 17:30:00,createOrganizer
2021/05/07 17:30:00,createPrice
2021/05/07 17:30:00,createProductAuction
2021/05/07 17:30:00,placeBid
2021/05/07 17:30:00,placeBid
2021/05/07 17:30:00,modifyBid
2021/05/07 17:30:00,cancelBid
2021/05/07 17:30:00,placeBid
2021/05/07 17:30:00,placeBid
2021/05/07 17:30:00,modifyBid
2021/05/07 17:30:00,cancelBid
2021/05/07 17:30:00,placeBid
2021/05/07 17:30:00,placeBid
2021/05/07 17:30:00,placeBid
2021/05/07 17:30:00,placeBid
2021/05/07 17:30:00,placeBid
2021/05/07 17:30:00,cancelBid
2021/05/07 17:30:00,modifyBid
2021/05/07 17:30:00,createPrice
2021/05/07 17:30:00,createServiceAuction
2021/05/07 17:30:00,placeBid
2021/05/07 17:30:00,placeBid
2021/05/07 17:30:00,modifyBid
2021/05/07 17:30:00,cancelBid
2021/05/07 17:30:00,placeBid
2021/05/07 17:30:00,placeBid
2021/05/07 17:30:00,modifyBid
2021/05/07 17:30:00,cancelBid
2021/05/07 17:30:00,placeBid
2021/05/07 17:30:00,cancelBid
2021/05/07 17:30:00,modifyBid
2021/05/07 17:30:00,cancelBid
2021/05/07 17:30:00,placeBid
2021/05/07 17:30:00,modifyBid
2021/05/07 17:30:00,cancelBid
2021/05/07 17:30:00,placeBid
2021/05/07 17:30:00,createOrganizer
2021/05/07 17:30:00,createServiceAuction
2021/05/07 17:30:00,endAuction
2021/05/07 17:30:00,endAuction
2021/05/07 17:30:00,endAuction
2021/05/07 17:30:00,cancelAuction
2021/05/07 17:30:00,cancelAuction
2021/05/07 17:30:00,cancelAuction
2021/05/07 17:30:45,createCard
2021/05/07 17:30:45,createCard
2021/05/07 17:30:45,createCard
2021/05/07 17:30:45,createCard
2021/05/07 17:30:45,createUser
2021/05/07 17:30:45,createUser
2021/05/07 17:30:45,createUser
2021/05/07 17:30:45,createUser
2021/05/07 17:30:45,createOrganizer
2021/05/07 17:30:45,createPrice
2021/05/07 17:30:45,createProductAuction
2021/05/07 17:30:45,placeBid
2021/05/07 17:30:45,placeBid
2021/05/07 17:30:45,modifyBid
2021/05/07 17:30:45,cancelBid
2021/05/07 17:30:45,placeBid
2021/05/07 17:30:45,placeBid
2021/05/07 17:30:45,modifyBid
2021/05/07 17:30:45,cancelBid
2021/05/07 17:30:45,placeBid
2021/05/07 17:30:45,placeBid
2021/05/07 17:30:45,placeBid
2021/05/07 17:30:45,placeBid
2021/05/07 17:30:45,placeBid
2021/05/07 17:30:45,cancelBid
2021/05/07 17:30:45,modifyBid
2021/05/07 17:30:45,createPrice
2021/05/07 17:30:45,createServiceAuction
2021/05/07 17:30:45,placeBid
2021/05/07 17:30:45,placeBid
2021/05/07 17:30:45,modifyBid
2021/05/07 17:30:45,cancelBid
2021/05/07 17:30:45,placeBid
2021/05/07 17:30:45,placeBid
2021/05/07 17:30:45,modifyBid
2021/05/07 17:30:45,cancelBid
2021/05/07 17:30:45,placeBid
2021/05/07 17:30:45,cancelBid
2021/05/07 17:30:45,modifyBid
2021/05/07 17:30:45,cancelBid
2021/05/07 17:30:45,placeBid
2021/05/07 17:30:45,modifyBid
2021/05/07 17:30:45,cancelBid
2021/05/07 17:30:45,placeBid
2021/05/07 17:30:45,createOrganizer
2021/05/07 17:30:45,createServiceAuction
2021/05/07 17:30:45,endAuction
2021/05/07 17:30:45,endAuction
2021/05/07 17:30:45,endAuction
2021/05/07 17:30:45,cancelAuction
2021/05/07 17:30:45,cancelAuction
2021/05/07 17:30:45,cancelAuction
2021/05/07 17:39:52,createCard
2021/05/07 17:39:52,createCard
2021/05/07 17:39:52,createCard
2021/05/07 17:39:52,createCard
2021/05/07 17:39:52,createUser
2021/05/07 17:39:52,createUser
2021/05/07 17:39:52,createUser
2021/05/07 17:39:52,createUser
2021/05/07 17:39:52,createOrganizer
2021/05/07 17:39:52,createPrice
2021/05/07 17:39:52,createProductAuction
2021/05/07 17:39:52,placeBid
2021/05/07 17:39:52,placeBid
2021/05/07 17:39:52,modifyBid
2021/05/07 17:39:52,cancelBid
2021/05/07 17:39:52,placeBid
2021/05/07 17:39:52,placeBid
2021/05/07 17:39:52,modifyBid
2021/05/07 17:39:52,cancelBid
2021/05/07 17:39:52,placeBid
2021/05/07 17:39:52,placeBid
2021/05/07 17:39:52,placeBid
2021/05/07 17:39:52,placeBid
2021/05/07 17:39:52,placeBid
2021/05/07 17:39:52,cancelBid
2021/05/07 17:39:52,modifyBid
2021/05/07 17:39:52,createPrice
2021/05/07 17:39:52,createServiceAuction
2021/05/07 17:39:52,placeBid
2021/05/07 17:39:52,placeBid
2021/05/07 17:39:52,modifyBid
2021/05/07 17:39:52,cancelBid
2021/05/07 17:39:52,placeBid
2021/05/07 17:39:52,placeBid
2021/05/07 17:39:52,modifyBid
2021/05/07 17:39:52,cancelBid
2021/05/07 17:39:52,placeBid
2021/05/07 17:39:52,cancelBid
2021/05/07 17:39:52,modifyBid
2021/05/07 17:39:52,cancelBid
2021/05/07 17:39:52,placeBid
2021/05/07 17:39:52,modifyBid
2021/05/07 17:39:52,cancelBid
2021/05/07 17:39:52,placeBid
2021/05/07 17:39:52,createOrganizer
2021/05/07 17:39:52,createServiceAuction
2021/05/07 17:39:52,endAuction
2021/05/07 17:39:52,endAuction
2021/05/07 17:39:52,endAuction
2021/05/07 17:39:52,cancelAuction
2021/05/07 17:39:52,cancelAuction
2021/05/07 17:39:52,cancelAuction
2021/05/07 17:49:54,createCard
2021/05/07 17:49:54,createCard
2021/05/07 17:49:54,createCard
2021/05/07 17:49:54,createCard
2021/05/07 17:49:54,createUser
2021/05/07 17:49:54,createUser
2021/05/07 17:49:54,createUser
2021/05/07 17:49:54,createUser
2021/05/07 17:49:54,createOrganizer
2021/05/07 17:49:54,createPrice
2021/05/07 17:49:54,createProductAuction
2021/05/07 17:49:54,placeBid
2021/05/07 17:49:54,placeBid
2021/05/07 17:49:54,modifyBid
2021/05/07 17:49:54,cancelBid
2021/05/07 17:49:54,placeBid
2021/05/07 17:49:54,placeBid
2021/05/07 17:49:54,modifyBid
2021/05/07 17:49:54,cancelBid
2021/05/07 17:49:54,placeBid
2021/05/07 17:49:54,placeBid
2021/05/07 17:49:54,placeBid
2021/05/07 17:49:54,placeBid
2021/05/07 17:49:54,placeBid
2021/05/07 17:49:54,cancelBid
2021/05/07 17:49:54,modifyBid
2021/05/07 17:49:54,createPrice
2021/05/07 17:49:54,createServiceAuction
2021/05/07 17:49:54,placeBid
2021/05/07 17:49:54,placeBid
2021/05/07 17:49:54,modifyBid
2021/05/07 17:49:54,cancelBid
2021/05/07 17:49:54,placeBid
2021/05/07 17:49:54,placeBid
2021/05/07 17:49:54,modifyBid
2021/05/07 17:49:54,cancelBid
2021/05/07 17:49:54,placeBid
2021/05/07 17:49:54,cancelBid
2021/05/07 17:49:54,modifyBid
2021/05/07 17:49:54,cancelBid
2021/05/07 17:49:54,placeBid
2021/05/07 17:49:54,modifyBid
2021/05/07 17:49:54,cancelBid
2021/05/07 17:49:54,placeBid
2021/05/07 17:49:54,createOrganizer
2021/05/07 17:49:54,createServiceAuction
2021/05/07 17:49:54,endAuction
2021/05/07 17:49:54,endAuction
2021/05/07 17:49:54,endAuction
2021/05/07 17:49:54,cancelAuction
2021/05/07 17:49:54,cancelAuction
2021/05/07 17:49:54,cancelAuction
2021/05/07 17:50:05,createCard
2021/05/07 17:50:05,createCard
2021/05/07 17:50:05,createCard
2021/05/07 17:50:05,createCard
2021/05/07 17:50:05,createUser
2021/05/07 17:50:05,createUser
2021/05/07 17:50:05,createUser
2021/05/07 17:50:05,createUser
2021/05/07 17:50:05,createOrganizer
2021/05/07 17:50:05,createPrice
2021/05/07 17:50:05,createProductAuction
2021/05/07 17:50:05,placeBid
2021/05/07 17:50:05,placeBid
2021/05/07 17:50:05,modifyBid
2021/05/07 17:50:05,cancelBid
2021/05/07 17:50:05,placeBid
2021/05/07 17:50:05,placeBid
2021/05/07 17:50:05,modifyBid
2021/05/07 17:50:05,cancelBid
2021/05/07 17:50:05,placeBid
2021/05/07 17:50:05,placeBid
2021/05/07 17:50:05,placeBid
2021/05/07 17:50:05,placeBid
2021/05/07 17:50:05,placeBid
2021/05/07 17:50:05,cancelBid
2021/05/07 17:50:05,modifyBid
2021/05/07 17:50:05,createPrice
2021/05/07 17:50:05,createServiceAuction
2021/05/07 17:50:05,placeBid
2021/05/07 17:50:05,placeBid
2021/05/07 17:50:05,modifyBid
2021/05/07 17:50:05,cancelBid
2021/05/07 17:50:05,placeBid
2021/05/07 17:50:05,placeBid
2021/05/07 17:50:05,modifyBid
2021/05/07 17:50:05,cancelBid
2021/05/07 17:50:05,placeBid
2021/05/07 17:50:05,cancelBid
2021/05/07 17:50:05,modifyBid
2021/05/07 17:50:05,cancelBid
2021/05/07 17:50:05,placeBid
2021/05/07 17:50:05,modifyBid
2021/05/07 17:50:05,cancelBid
2021/05/07 17:50:05,placeBid
2021/05/07 17:50:05,createOrganizer
2021/05/07 17:50:05,createServiceAuction
2021/05/07 17:50:05,endAuction
2021/05/07 17:50:05,endAuction
2021/05/07 17:50:05,endAuction
2021/05/07 17:50:05,cancelAuction
2021/05/07 17:50:05,cancelAuction
2021/05/07 17:50:05,cancelAuction
2021/05/07 17:51:43,createCard
2021/05/07 17:51:43,createCard
2021/05/07 17:51:43,createCard
2021/05/07 17:51:43,createCard
2021/05/07 17:51:43,createUser
2021/05/07 17:51:43,createUser
2021/05/07 17:51:43,createUser
2021/05/07 17:51:43,createUser
2021/05/07 17:51:43,createOrganizer
2021/05/07 17:51:43,createPrice
2021/05/07 17:51:43,createProductAuction
2021/05/07 17:51:43,placeBid
2021/05/07 17:51:43,placeBid
2021/05/07 17:51:43,modifyBid
2021/05/07 17:51:43,cancelBid
2021/05/07 17:51:43,placeBid
2021/05/07 17:51:43,placeBid
2021/05/07 17:51:43,modifyBid
2021/05/07 17:51:43,cancelBid
2021/05/07 17:51:43,placeBid
2021/05/07 17:51:43,placeBid
2021/05/07 17:51:43,placeBid
2021/05/07 17:51:43,placeBid
2021/05/07 17:51:43,placeBid
2021/05/07 17:51:43,cancelBid
2021/05/07 17:51:43,modifyBid
2021/05/07 17:51:43,createPrice
2021/05/07 17:51:43,createServiceAuction
2021/05/07 17:51:43,placeBid
2021/05/07 17:51:43,placeBid
2021/05/07 17:51:43,modifyBid
2021/05/07 17:51:43,cancelBid
2021/05/07 17:51:43,placeBid
2021/05/07 17:51:43,placeBid
2021/05/07 17:51:43,modifyBid
2021/05/07 17:51:43,cancelBid
2021/05/07 17:51:43,placeBid
2021/05/07 17:51:43,cancelBid
2021/05/07 17:51:43,modifyBid
2021/05/07 17:51:43,cancelBid
2021/05/07 17:51:43,placeBid
2021/05/07 17:51:43,modifyBid
2021/05/07 17:51:43,cancelBid
2021/05/07 17:51:43,placeBid
2021/05/07 17:51:43,createOrganizer
2021/05/07 17:51:43,createServiceAuction
2021/05/07 17:51:43,endAuction
2021/05/07 17:51:43,endAuction
2021/05/07 17:51:43,endAuction
2021/05/07 17:51:43,cancelAuction
2021/05/07 17:51:43,cancelAuction
2021/05/07 17:51:43,cancelAuction
2021/05/07 17:53:36,createCard
2021/05/07 17:53:36,createCard
2021/05/07 17:53:36,createCard
2021/05/07 17:53:36,createCard
2021/05/07 17:53:36,createUser
2021/05/07 17:53:36,createUser
2021/05/07 17:53:36,createUser
2021/05/07 17:53:36,createUser
2021/05/07 17:53:36,createOrganizer
2021/05/07 17:53:36,createPrice
2021/05/07 17:53:36,createProductAuction
2021/05/07 17:53:36,placeBid
2021/05/07 17:53:36,placeBid
2021/05/07 17:53:36,modifyBid
2021/05/07 17:53:36,cancelBid
2021/05/07 17:53:36,placeBid
2021/05/07 17:53:36,placeBid
2021/05/07 17:53:36,modifyBid
2021/05/07 17:53:36,cancelBid
2021/05/07 17:53:36,placeBid
2021/05/07 17:53:36,placeBid
2021/05/07 17:53:36,placeBid
2021/05/07 17:53:36,placeBid
2021/05/07 17:53:36,placeBid
2021/05/07 17:53:36,cancelBid
2021/05/07 17:53:36,modifyBid
2021/05/07 17:53:36,createPrice
2021/05/07 17:53:36,createServiceAuction
2021/05/07 17:53:36,placeBid
2021/05/07 17:53:36,placeBid
2021/05/07 17:53:36,modifyBid
2021/05/07 17:53:36,cancelBid
2021/05/07 17:53:36,placeBid
2021/05/07 17:53:36,placeBid
2021/05/07 17:53:36,modifyBid
2021/05/07 17:53:36,cancelBid
2021/05/07 17:53:36,placeBid
2021/05/07 17:53:36,cancelBid
2021/05/07 17:53:36,modifyBid
2021/05/07 17:53:36,cancelBid
2021/05/07 17:53:36,placeBid
2021/05/07 17:53:36,modifyBid
2021/05/07 17:53:36,cancelBid
2021/05/07 17:53:36,placeBid
2021/05/07 17:53:36,createOrganizer
2021/05/07 17:53:36,createServiceAuction
2021/05/07 17:53:36,endAuction
2021/05/07 17:53:36,endAuction
2021/05/07 17:53:36,endAuction
2021/05/07 17:53:36,cancelAuction
2021/05/07 17:53:36,cancelAuction
2021/05/07 17:53:36,cancelAuction
2021/05/07 18:07:48,createCard
2021/05/07 18:07:48,createCard
2021/05/07 18:07:48,createCard
2021/05/07 18:07:48,createCard
2021/05/07 18:07:48,createUser
2021/05/07 18:07:48,createUser
2021/05/07 18:07:48,createUser
2021/05/07 18:07:48,createUser
2021/05/07 18:07:48,createOrganizer
2021/05/07 18:07:48,createPrice
2021/05/07 18:07:48,createProductAuction
2021/05/07 18:07:48,placeBid
2021/05/07 18:07:48,placeBid
2021/05/07 18:07:48,modifyBid
2021/05/07 18:07:48,cancelBid
2021/05/07 18:07:48,placeBid
2021/05/07 18:07:48,placeBid
2021/05/07 18:07:48,modifyBid
2021/05/07 18:07:48,cancelBid
2021/05/07 18:07:48,placeBid
2021/05/07 18:07:48,placeBid
2021/05/07 18:07:48,placeBid
2021/05/07 18:07:48,placeBid
2021/05/07 18:07:48,placeBid
2021/05/07 18:07:48,cancelBid
2021/05/07 18:07:48,modifyBid
2021/05/07 18:07:48,createPrice
2021/05/07 18:07:48,createServiceAuction
2021/05/07 18:07:48,placeBid
2021/05/07 18:07:48,placeBid
2021/05/07 18:07:48,modifyBid
2021/05/07 18:07:48,cancelBid
2021/05/07 18:07:48,placeBid
2021/05/07 18:07:48,placeBid
2021/05/07 18:07:48,modifyBid
2021/05/07 18:07:48,cancelBid
2021/05/07 18:07:48,placeBid
2021/05/07 18:07:48,cancelBid
2021/05/07 18:07:48,modifyBid
2021/05/07 18:07:48,cancelBid
2021/05/07 18:07:48,placeBid
2021/05/07 18:07:48,modifyBid
2021/05/07 18:07:48,cancelBid
2021/05/07 18:07:48,placeBid
2021/05/07 18:07:48,createOrganizer
2021/05/07 18:07:48,createServiceAuction
2021/05/07 18:07:48,endAuction
2021/05/07 18:07:48,endAuction
2021/05/07 18:07:48,endAuction
2021/05/07 18:07:48,cancelAuction
2021/05/07 18:07:48,cancelAuction
2021/05/07 18:07:48,cancelAuction
2021/05/07 18:07:48,getProductAuctions
2021/05/07 18:07:48,getProductAuctions
2021/05/07 18:08:26,createCard
2021/05/07 18:08:26,createCard
2021/05/07 18:08:26,createCard
2021/05/07 18:08:26,createCard
2021/05/07 18:08:26,createUser
2021/05/07 18:08:26,createUser
2021/05/07 18:08:26,createUser
2021/05/07 18:08:26,createUser
2021/05/07 18:08:26,createOrganizer
2021/05/07 18:08:26,createPrice
2021/05/07 18:08:26,createProductAuction
2021/05/07 18:08:26,placeBid
2021/05/07 18:08:26,placeBid
2021/05/07 18:08:26,modifyBid
2021/05/07 18:08:26,cancelBid
2021/05/07 18:08:26,placeBid
2021/05/07 18:08:26,placeBid
2021/05/07 18:08:26,modifyBid
2021/05/07 18:08:26,cancelBid
2021/05/07 18:08:26,placeBid
2021/05/07 18:08:26,placeBid
2021/05/07 18:08:26,placeBid
2021/05/07 18:08:26,placeBid
2021/05/07 18:08:26,placeBid
2021/05/07 18:08:26,cancelBid
2021/05/07 18:08:26,modifyBid
2021/05/07 18:08:26,createPrice
2021/05/07 18:08:26,createServiceAuction
2021/05/07 18:08:26,placeBid
2021/05/07 18:08:26,placeBid
2021/05/07 18:08:26,modifyBid
2021/05/07 18:08:26,cancelBid
2021/05/07 18:08:26,placeBid
2021/05/07 18:08:26,placeBid
2021/05/07 18:08:26,modifyBid
2021/05/07 18:08:26,cancelBid
2021/05/07 18:08:26,placeBid
2021/05/07 18:08:26,cancelBid
2021/05/07 18:08:26,modifyBid
2021/05/07 18:08:26,cancelBid
2021/05/07 18:08:26,placeBid
2021/05/07 18:08:26,modifyBid
2021/05/07 18:08:26,cancelBid
2021/05/07 18:08:26,placeBid
2021/05/07 18:08:26,createOrganizer
2021/05/07 18:08:26,createServiceAuction
2021/05/07 18:08:26,endAuction
2021/05/07 18:08:26,endAuction
2021/05/07 18:08:26,endAuction
2021/05/07 18:08:26,cancelAuction
2021/05/07 18:08:26,cancelAuction
2021/05/07 18:08:26,cancelAuction
2021/05/07 18:08:26,getProductAuctions
2021/05/07 18:08:26,getProductAuctions
2021/05/07 18:08:52,createCard
2021/05/07 18:08:52,createCard
2021/05/07 18:08:52,createCard
2021/05/07 18:08:52,createCard
2021/05/07 18:08:52,createUser
2021/05/07 18:08:52,createUser
2021/05/07 18:08:52,createUser
2021/05/07 18:08:52,createUser
2021/05/07 18:08:52,createOrganizer
2021/05/07 18:08:52,createPrice
2021/05/07 18:08:52,createProductAuction
2021/05/07 18:08:52,placeBid
2021/05/07 18:08:52,placeBid
2021/05/07 18:08:52,modifyBid
2021/05/07 18:08:52,cancelBid
2021/05/07 18:08:52,placeBid
2021/05/07 18:08:52,placeBid
2021/05/07 18:08:52,modifyBid
2021/05/07 18:08:52,cancelBid
2021/05/07 18:08:52,placeBid
2021/05/07 18:08:52,placeBid
2021/05/07 18:08:52,placeBid
2021/05/07 18:08:52,placeBid
2021/05/07 18:08:52,placeBid
2021/05/07 18:08:52,cancelBid
2021/05/07 18:08:52,modifyBid
2021/05/07 18:08:52,createPrice
2021/05/07 18:08:52,createServiceAuction
2021/05/07 18:08:52,placeBid
2021/05/07 18:08:52,placeBid
2021/05/07 18:08:52,modifyBid
2021/05/07 18:08:52,cancelBid
2021/05/07 18:08:52,placeBid
2021/05/07 18:08:52,placeBid
2021/05/07 18:08:52,modifyBid
2021/05/07 18:08:52,cancelBid
2021/05/07 18:08:52,placeBid
2021/05/07 18:08:52,cancelBid
2021/05/07 18:08:52,modifyBid
2021/05/07 18:08:52,cancelBid
2021/05/07 18:08:52,placeBid
2021/05/07 18:08:52,modifyBid
2021/05/07 18:08:52,cancelBid
2021/05/07 18:08:52,placeBid
2021/05/07 18:08:52,createOrganizer
2021/05/07 18:08:52,createServiceAuction
2021/05/07 18:08:52,endAuction
2021/05/07 18:08:52,endAuction
2021/05/07 18:08:52,endAuction
2021/05/07 18:08:52,cancelAuction
2021/05/07 18:08:52,cancelAuction
2021/05/07 18:08:52,cancelAuction
2021/05/07 18:08:52,getProductAuctions
2021/05/07 18:08:52,getServiceAuctions
2021/05/07 18:08:52,getProductAuctions
2021/05/07 18:08:52,getServiceAuctions
2021/05/07 18:09:09,createCard
2021/05/07 18:09:09,createCard
2021/05/07 18:09:09,createCard
2021/05/07 18:09:09,createCard
2021/05/07 18:09:09,createUser
2021/05/07 18:09:09,createUser
2021/05/07 18:09:09,createUser
2021/05/07 18:09:09,createUser
2021/05/07 18:09:09,createOrganizer
2021/05/07 18:09:09,createPrice
2021/05/07 18:09:09,createProductAuction
2021/05/07 18:09:09,placeBid
2021/05/07 18:09:09,placeBid
2021/05/07 18:09:09,modifyBid
2021/05/07 18:09:09,cancelBid
2021/05/07 18:09:09,placeBid
2021/05/07 18:09:09,placeBid
2021/05/07 18:09:09,modifyBid
2021/05/07 18:09:09,cancelBid
2021/05/07 18:09:09,placeBid
2021/05/07 18:09:09,placeBid
2021/05/07 18:09:09,placeBid
2021/05/07 18:09:09,placeBid
2021/05/07 18:09:09,placeBid
2021/05/07 18:09:09,cancelBid
2021/05/07 18:09:09,modifyBid
2021/05/07 18:09:09,createPrice
2021/05/07 18:09:09,createServiceAuction
2021/05/07 18:09:09,placeBid
2021/05/07 18:09:09,placeBid
2021/05/07 18:09:09,modifyBid
2021/05/07 18:09:09,cancelBid
2021/05/07 18:09:09,placeBid
2021/05/07 18:09:09,placeBid
2021/05/07 18:09:09,modifyBid
2021/05/07 18:09:09,cancelBid
2021/05/07 18:09:09,placeBid
2021/05/07 18:09:09,cancelBid
2021/05/07 18:09:09,modifyBid
2021/05/07 18:09:09,cancelBid
2021/05/07 18:09:09,placeBid
2021/05/07 18:09:09,modifyBid
2021/05/07 18:09:09,cancelBid
2021/05/07 18:09:09,placeBid
2021/05/07 18:09:09,createOrganizer
2021/05/07 18:09:09,createServiceAuction
2021/05/07 18:09:09,endAuction
2021/05/07 18:09:09,endAuction
2021/05/07 18:09:09,endAuction
2021/05/07 18:09:09,cancelAuction
2021/05/07 18:09:09,cancelAuction
2021/05/07 18:09:09,cancelAuction
2021/05/07 18:09:09,getProductAuctions
2021/05/07 18:09:09,getServiceAuctions
2021/05/07 18:09:09,getProductAuctions
2021/05/07 18:09:09,getServiceAuctions
2021/05/07 18:11:36,createCard
2021/05/07 18:11:36,createCard
2021/05/07 18:11:36,createCard
2021/05/07 18:11:36,createCard
2021/05/07 18:11:36,createUser
2021/05/07 18:11:36,createUser
2021/05/07 18:11:36,createUser
2021/05/07 18:11:36,createUser
2021/05/07 18:11:36,createOrganizer
2021/05/07 18:11:36,createPrice
2021/05/07 18:11:36,createProductAuction
2021/05/07 18:11:36,placeBid
2021/05/07 18:11:36,placeBid
2021/05/07 18:11:36,modifyBid
2021/05/07 18:11:36,cancelBid
2021/05/07 18:11:36,placeBid
2021/05/07 18:11:36,placeBid
2021/05/07 18:11:36,modifyBid
2021/05/07 18:11:36,cancelBid
2021/05/07 18:11:36,placeBid
2021/05/07 18:11:36,placeBid
2021/05/07 18:11:36,placeBid
2021/05/07 18:11:36,placeBid
2021/05/07 18:11:36,placeBid
2021/05/07 18:11:36,cancelBid
2021/05/07 18:11:36,modifyBid
2021/05/07 18:11:36,createPrice
2021/05/07 18:11:36,createServiceAuction
2021/05/07 18:11:36,placeBid
2021/05/07 18:11:36,placeBid
2021/05/07 18:11:36,modifyBid
2021/05/07 18:11:36,cancelBid
2021/05/07 18:11:36,placeBid
2021/05/07 18:11:36,placeBid
2021/05/07 18:11:36,modifyBid
2021/05/07 18:11:36,cancelBid
2021/05/07 18:11:36,placeBid
2021/05/07 18:11:36,cancelBid
2021/05/07 18:11:36,modifyBid
2021/05/07 18:11:36,cancelBid
2021/05/07 18:11:36,placeBid
2021/05/07 18:11:36,modifyBid
2021/05/07 18:11:36,cancelBid
2021/05/07 18:11:36,placeBid
2021/05/07 18:11:36,createOrganizer
2021/05/07 18:11:36,createServiceAuction
2021/05/07 18:11:36,endAuction
2021/05/07 18:11:36,endAuction
2021/05/07 18:11:36,endAuction
2021/05/07 18:11:36,cancelAuction
2021/05/07 18:11:36,cancelAuction
2021/05/07 18:11:36,cancelAuction
2021/05/07 18:11:36,getProductAuctions
2021/05/07 18:11:36,getServiceAuctions
2021/05/07 18:11:36,getProductAuctions
2021/05/07 18:11:36,getServiceAuctions
2021/05/07 18:18:18,createCard
2021/05/07 18:18:18,createCard
2021/05/07 18:18:18,createCard
2021/05/07 18:18:18,createCard
2021/05/07 18:18:18,createUser
2021/05/07 18:18:18,createUser
2021/05/07 18:18:18,createUser
2021/05/07 18:18:18,createUser
2021/05/07 18:18:18,createOrganizer
2021/05/07 18:18:18,createPrice
2021/05/07 18:18:18,createProductAuction
2021/05/07 18:18:18,placeBid
2021/05/07 18:18:18,placeBid
2021/05/07 18:18:18,modifyBid
2021/05/07 18:18:18,cancelBid
2021/05/07 18:18:18,placeBid
2021/05/07 18:18:18,placeBid
2021/05/07 18:18:18,modifyBid
2021/05/07 18:18:18,cancelBid
2021/05/07 18:18:18,placeBid
2021/05/07 18:18:18,placeBid
2021/05/07 18:18:18,placeBid
2021/05/07 18:18:18,placeBid
2021/05/07 18:18:18,placeBid
2021/05/07 18:18:18,cancelBid
2021/05/07 18:18:18,modifyBid
2021/05/07 18:18:18,createPrice
2021/05/07 18:18:18,createServiceAuction
2021/05/07 18:18:18,placeBid
2021/05/07 18:18:18,placeBid
2021/05/07 18:18:18,modifyBid
2021/05/07 18:18:18,cancelBid
2021/05/07 18:18:18,placeBid
2021/05/07 18:18:18,placeBid
2021/05/07 18:18:18,modifyBid
2021/05/07 18:18:18,cancelBid
2021/05/07 18:18:18,placeBid
2021/05/07 18:18:18,cancelBid
2021/05/07 18:18:18,modifyBid
2021/05/07 18:18:18,cancelBid
2021/05/07 18:18:18,placeBid
2021/05/07 18:18:18,modifyBid
2021/05/07 18:18:18,cancelBid
2021/05/07 18:18:18,placeBid
2021/05/07 18:18:18,createOrganizer
2021/05/07 18:18:18,createServiceAuction
2021/05/07 18:18:18,endAuction
2021/05/07 18:18:18,endAuction
2021/05/07 18:18:18,endAuction
2021/05/07 18:18:18,cancelAuction
2021/05/07 18:18:18,cancelAuction
2021/05/07 18:18:18,cancelAuction
2021/05/07 18:18:18,getAuctions
2021/05/07 18:18:18,getAuctions
2021/05/07 18:26:56,createCard
2021/05/07 18:26:56,createCard
2021/05/07 18:26:56,createCard
2021/05/07 18:26:56,createCard
2021/05/07 18:26:56,createUser
2021/05/07 18:26:56,createUser
2021/05/07 18:26:56,createUser
2021/05/07 18:26:56,createUser
2021/05/07 18:26:56,createOrganizer
2021/05/07 18:26:56,createPrice
2021/05/07 18:26:56,createProductAuction
2021/05/07 18:26:56,placeBid
2021/05/07 18:26:56,placeBid
2021/05/07 18:26:56,modifyBid
2021/05/07 18:26:56,cancelBid
2021/05/07 18:26:56,placeBid
2021/05/07 18:26:56,placeBid
2021/05/07 18:26:56,modifyBid
2021/05/07 18:26:56,cancelBid
2021/05/07 18:26:56,placeBid
2021/05/07 18:26:56,placeBid
2021/05/07 18:26:56,placeBid
2021/05/07 18:26:56,placeBid
2021/05/07 18:26:56,placeBid
2021/05/07 18:26:56,cancelBid
2021/05/07 18:26:56,modifyBid
2021/05/07 18:26:56,createPrice
2021/05/07 18:26:56,createServiceAuction
2021/05/07 18:26:56,placeBid
2021/05/07 18:26:56,placeBid
2021/05/07 18:26:56,modifyBid
2021/05/07 18:26:56,cancelBid
2021/05/07 18:26:56,placeBid
2021/05/07 18:26:56,placeBid
2021/05/07 18:26:56,modifyBid
2021/05/07 18:26:56,cancelBid
2021/05/07 18:26:56,placeBid
2021/05/07 18:26:56,cancelBid
2021/05/07 18:26:56,modifyBid
2021/05/07 18:26:56,cancelBid
2021/05/07 18:26:56,placeBid
2021/05/07 18:26:56,modifyBid
2021/05/07 18:26:56,cancelBid
2021/05/07 18:26:56,placeBid
2021/05/07 18:26:56,createOrganizer
2021/05/07 18:26:56,createServiceAuction
2021/05/07 18:26:56,endAuction
2021/05/07 18:26:56,endAuction
2021/05/07 18:26:56,endAuction
2021/05/07 18:26:56,cancelAuction
2021/05/07 18:26:56,cancelAuction
2021/05/07 18:26:56,cancelAuction
2021/05/07 18:26:56,getAuctions
2021/05/07 18:26:56,getAuctions
2021/05/07 18:27:37,createCard
2021/05/07 18:27:37,createCard
2021/05/07 18:27:37,createCard
2021/05/07 18:27:37,createCard
2021/05/07 18:27:37,createUser
2021/05/07 18:27:37,createUser
2021/05/07 18:27:37,createUser
2021/05/07 18:27:37,createUser
2021/05/07 18:27:37,createOrganizer
2021/05/07 18:27:37,createPrice
2021/05/07 18:27:37,createProductAuction
2021/05/07 18:27:37,placeBid
2021/05/07 18:27:37,placeBid
2021/05/07 18:27:37,modifyBid
2021/05/07 18:27:37,cancelBid
2021/05/07 18:27:37,placeBid
2021/05/07 18:27:37,placeBid
2021/05/07 18:27:37,modifyBid
2021/05/07 18:27:37,cancelBid
2021/05/07 18:27:37,placeBid
2021/05/07 18:27:37,placeBid
2021/05/07 18:27:37,placeBid
2021/05/07 18:27:37,placeBid
2021/05/07 18:27:37,placeBid
2021/05/07 18:27:37,cancelBid
2021/05/07 18:27:37,modifyBid
2021/05/07 18:27:37,createPrice
2021/05/07 18:27:37,createServiceAuction
2021/05/07 18:27:37,placeBid
2021/05/07 18:27:37,placeBid
2021/05/07 18:27:37,modifyBid
2021/05/07 18:27:37,cancelBid
2021/05/07 18:27:37,placeBid
2021/05/07 18:27:37,placeBid
2021/05/07 18:27:37,modifyBid
2021/05/07 18:27:37,cancelBid
2021/05/07 18:27:37,placeBid
2021/05/07 18:27:37,cancelBid
2021/05/07 18:27:37,modifyBid
2021/05/07 18:27:37,cancelBid
2021/05/07 18:27:37,placeBid
2021/05/07 18:27:37,modifyBid
2021/05/07 18:27:37,cancelBid
2021/05/07 18:27:37,placeBid
2021/05/07 18:27:37,createOrganizer
2021/05/07 18:27:37,createServiceAuction
2021/05/07 18:27:37,endAuction
2021/05/07 18:27:37,endAuction
2021/05/07 18:27:37,endAuction
2021/05/07 18:27:37,cancelAuction
2021/05/07 18:27:37,cancelAuction
2021/05/07 18:27:37,cancelAuction
2021/05/07 18:27:37,getAuctions
2021/05/07 18:27:37,getAuctions
2021/05/07 18:27:57,createCard
2021/05/07 18:27:57,createCard
2021/05/07 18:27:57,createCard
2021/05/07 18:27:57,createCard
2021/05/07 18:27:57,createUser
2021/05/07 18:27:57,createUser
2021/05/07 18:27:57,createUser
2021/05/07 18:27:57,createUser
2021/05/07 18:27:57,createOrganizer
2021/05/07 18:27:57,createPrice
2021/05/07 18:27:57,createProductAuction
2021/05/07 18:27:57,placeBid
2021/05/07 18:27:57,placeBid
2021/05/07 18:27:57,modifyBid
2021/05/07 18:27:57,cancelBid
2021/05/07 18:27:57,placeBid
2021/05/07 18:27:57,placeBid
2021/05/07 18:27:57,modifyBid
2021/05/07 18:27:57,cancelBid
2021/05/07 18:27:57,placeBid
2021/05/07 18:27:57,placeBid
2021/05/07 18:27:57,placeBid
2021/05/07 18:27:57,placeBid
2021/05/07 18:27:57,placeBid
2021/05/07 18:27:57,cancelBid
2021/05/07 18:27:57,modifyBid
2021/05/07 18:27:57,createPrice
2021/05/07 18:27:57,createServiceAuction
2021/05/07 18:27:57,placeBid
2021/05/07 18:27:57,placeBid
2021/05/07 18:27:57,modifyBid
2021/05/07 18:27:57,cancelBid
2021/05/07 18:27:57,placeBid
2021/05/07 18:27:57,placeBid
2021/05/07 18:27:57,modifyBid
2021/05/07 18:27:57,cancelBid
2021/05/07 18:27:57,placeBid
2021/05/07 18:27:57,cancelBid
2021/05/07 18:27:57,modifyBid
2021/05/07 18:27:57,cancelBid
2021/05/07 18:27:57,placeBid
2021/05/07 18:27:57,modifyBid
2021/05/07 18:27:57,cancelBid
2021/05/07 18:27:57,placeBid
2021/05/07 18:27:57,createOrganizer
2021/05/07 18:27:57,createServiceAuction
2021/05/07 18:27:57,endAuction
2021/05/07 18:27:57,endAuction
2021/05/07 18:27:57,endAuction
2021/05/07 18:27:57,cancelAuction
2021/05/07 18:27:57,cancelAuction
2021/05/07 18:27:57,cancelAuction
2021/05/07 18:27:57,getAuctions
2021/05/07 18:27:57,getAuctions
2021/05/07 18:52:00,createCard
2021/05/07 18:52:00,createCard
2021/05/07 18:52:00,createCard
2021/05/07 18:52:00,createCard
2021/05/07 18:52:00,createUser
2021/05/07 18:52:00,createUser
2021/05/07 18:52:00,createUser
2021/05/07 18:52:00,createUser
2021/05/07 18:52:00,createOrganizer
2021/05/07 18:52:00,createPrice
2021/05/07 18:52:00,createProductAuction
2021/05/07 18:52:00,placeBid
2021/05/07 18:52:00,placeBid
2021/05/07 18:52:00,modifyBid
2021/05/07 18:52:00,cancelBid
2021/05/07 18:52:00,placeBid
2021/05/07 18:52:00,placeBid
2021/05/07 18:52:00,modifyBid
2021/05/07 18:52:00,cancelBid
2021/05/07 18:52:00,placeBid
2021/05/07 18:52:00,placeBid
2021/05/07 18:52:00,placeBid
2021/05/07 18:52:00,placeBid
2021/05/07 18:52:00,placeBid
2021/05/07 18:52:00,cancelBid
2021/05/07 18:52:00,modifyBid
2021/05/07 18:52:00,createPrice
2021/05/07 18:52:00,createServiceAuction
2021/05/07 18:52:00,placeBid
2021/05/07 18:52:00,placeBid
2021/05/07 18:52:00,modifyBid
2021/05/07 18:52:00,cancelBid
2021/05/07 18:52:00,placeBid
2021/05/07 18:52:00,placeBid
2021/05/07 18:52:00,modifyBid
2021/05/07 18:52:00,cancelBid
2021/05/07 18:52:00,placeBid
2021/05/07 18:52:00,cancelBid
2021/05/07 18:52:00,modifyBid
2021/05/07 18:52:00,cancelBid
2021/05/07 18:52:00,placeBid
2021/05/07 18:52:00,modifyBid
2021/05/07 18:52:00,cancelBid
2021/05/07 18:52:00,placeBid
2021/05/07 18:52:00,createOrganizer
2021/05/07 18:52:00,createServiceAuction
2021/05/07 18:52:00,endAuction
2021/05/07 18:52:00,endAuction
2021/05/07 18:52:01,endAuction
2021/05/07 18:52:01,cancelAuction
2021/05/07 18:52:01,cancelAuction
2021/05/07 18:52:01,cancelAuction
2021/05/07 18:52:01,getAuctions
2021/05/07 18:52:01,getAuctions
2021/05/07 18:52:34,createCard
2021/05/07 18:52:34,createCard
2021/05/07 18:52:34,createCard
2021/05/07 18:52:34,createCard
2021/05/07 18:52:34,createUser
2021/05/07 18:52:34,createUser
2021/05/07 18:52:34,createUser
2021/05/07 18:52:34,createUser
2021/05/07 18:52:34,createOrganizer
2021/05/07 18:52:34,createPrice
2021/05/07 18:52:34,createProductAuction
2021/05/07 18:52:34,placeBid
2021/05/07 18:52:34,placeBid
2021/05/07 18:52:34,modifyBid
2021/05/07 18:52:34,cancelBid
2021/05/07 18:52:34,placeBid
2021/05/07 18:52:34,placeBid
2021/05/07 18:52:34,modifyBid
2021/05/07 18:52:34,cancelBid
2021/05/07 18:52:34,placeBid
2021/05/07 18:52:34,placeBid
2021/05/07 18:52:34,placeBid
2021/05/07 18:52:34,placeBid
2021/05/07 18:52:34,placeBid
2021/05/07 18:52:34,cancelBid
2021/05/07 18:52:34,modifyBid
2021/05/07 18:52:34,createPrice
2021/05/07 18:52:34,createServiceAuction
2021/05/07 18:52:34,placeBid
2021/05/07 18:52:34,placeBid
2021/05/07 18:52:34,modifyBid
2021/05/07 18:52:34,cancelBid
2021/05/07 18:52:34,placeBid
2021/05/07 18:52:34,placeBid
2021/05/07 18:52:34,modifyBid
2021/05/07 18:52:34,cancelBid
2021/05/07 18:52:34,placeBid
2021/05/07 18:52:34,cancelBid
2021/05/07 18:52:34,modifyBid
2021/05/07 18:52:34,cancelBid
2021/05/07 18:52:34,placeBid
2021/05/07 18:52:34,modifyBid
2021/05/07 18:52:34,cancelBid
2021/05/07 18:52:34,placeBid
2021/05/07 18:52:34,createOrganizer
2021/05/07 18:52:34,createServiceAuction
2021/05/07 18:52:34,endAuction
2021/05/07 18:52:34,endAuction
2021/05/07 18:52:34,endAuction
2021/05/07 18:52:34,cancelAuction
2021/05/07 18:52:34,cancelAuction
2021/05/07 18:52:34,cancelAuction
2021/05/07 18:52:34,getAuctions
2021/05/07 18:52:34,getAuctions
2021/05/07 19:10:16,createCard
2021/05/07 19:10:16,createCard
2021/05/07 19:10:16,createCard
2021/05/07 19:10:16,createCard
2021/05/07 19:10:16,createUser
2021/05/07 19:10:16,createUser
2021/05/07 19:10:16,createUser
2021/05/07 19:10:16,createUser
2021/05/07 19:10:16,createOrganizer
2021/05/07 19:10:16,createPrice
2021/05/07 19:10:16,createProductAuction
2021/05/07 19:10:16,placeBid
2021/05/07 19:10:16,placeBid
2021/05/07 19:10:16,modifyBid
2021/05/07 19:10:16,cancelBid
2021/05/07 19:10:16,placeBid
2021/05/07 19:10:16,placeBid
2021/05/07 19:10:16,modifyBid
2021/05/07 19:10:16,cancelBid
2021/05/07 19:10:16,placeBid
2021/05/07 19:10:16,placeBid
2021/05/07 19:10:16,placeBid
2021/05/07 19:10:16,placeBid
2021/05/07 19:10:16,placeBid
2021/05/07 19:10:16,cancelBid
2021/05/07 19:10:16,modifyBid
2021/05/07 19:10:16,createPrice
2021/05/07 19:10:16,createServiceAuction
2021/05/07 19:10:16,placeBid
2021/05/07 19:10:16,placeBid
2021/05/07 19:10:16,modifyBid
2021/05/07 19:10:16,cancelBid
2021/05/07 19:10:16,placeBid
2021/05/07 19:10:16,placeBid
2021/05/07 19:10:16,modifyBid
2021/05/07 19:10:16,cancelBid
2021/05/07 19:10:16,placeBid
2021/05/07 19:10:16,cancelBid
2021/05/07 19:10:16,modifyBid
2021/05/07 19:10:16,cancelBid
2021/05/07 19:10:16,placeBid
2021/05/07 19:10:16,modifyBid
2021/05/07 19:10:16,cancelBid
2021/05/07 19:10:16,placeBid
2021/05/07 19:10:16,createOrganizer
2021/05/07 19:10:16,createServiceAuction
2021/05/07 19:10:16,endAuction
2021/05/07 19:10:16,endAuction
2021/05/07 19:10:16,endAuction
2021/05/07 19:10:16,cancelAuction
2021/05/07 19:10:16,cancelAuction
2021/05/07 19:10:16,cancelAuction
2021/05/07 19:10:16,getAuctions
2021/05/07 19:10:16,getAuctions
2021/05/07 19:10:23,createCard
2021/05/07 19:10:23,createCard
2021/05/07 19:10:23,createCard
2021/05/07 19:10:23,createCard
2021/05/07 19:10:23,createUser
2021/05/07 19:10:23,createUser
2021/05/07 19:10:23,createUser
2021/05/07 19:10:23,createUser
2021/05/07 19:10:23,createOrganizer
2021/05/07 19:10:23,createPrice
2021/05/07 19:10:23,createProductAuction
2021/05/07 19:10:23,placeBid
2021/05/07 19:10:23,placeBid
2021/05/07 19:10:23,modifyBid
2021/05/07 19:10:23,cancelBid
2021/05/07 19:10:23,placeBid
2021/05/07 19:10:23,placeBid
2021/05/07 19:10:23,modifyBid
2021/05/07 19:10:23,cancelBid
2021/05/07 19:10:23,placeBid
2021/05/07 19:10:23,placeBid
2021/05/07 19:10:23,placeBid
2021/05/07 19:10:23,placeBid
2021/05/07 19:10:23,placeBid
2021/05/07 19:10:23,cancelBid
2021/05/07 19:10:23,modifyBid
2021/05/07 19:10:23,createPrice
2021/05/07 19:10:23,createServiceAuction
2021/05/07 19:10:23,placeBid
2021/05/07 19:10:23,placeBid
2021/05/07 19:10:23,modifyBid
2021/05/07 19:10:23,cancelBid
2021/05/07 19:10:23,placeBid
2021/05/07 19:10:23,placeBid
2021/05/07 19:10:23,modifyBid
2021/05/07 19:10:23,cancelBid
2021/05/07 19:10:23,placeBid
2021/05/07 19:10:23,cancelBid
2021/05/07 19:10:23,modifyBid
2021/05/07 19:10:23,cancelBid
2021/05/07 19:10:23,placeBid
2021/05/07 19:10:23,modifyBid
2021/05/07 19:10:23,cancelBid
2021/05/07 19:10:23,placeBid
2021/05/07 19:10:23,createOrganizer
2021/05/07 19:10:23,createServiceAuction
2021/05/07 19:10:23,endAuction
2021/05/07 19:10:23,endAuction
2021/05/07 19:10:23,endAuction
2021/05/07 19:10:23,cancelAuction
2021/05/07 19:10:23,cancelAuction
2021/05/07 19:10:23,cancelAuction
2021/05/07 19:10:23,getAuctions
2021/05/07 19:10:23,getAuctions
2021/05/07 19:49:30,createCard
2021/05/07 19:49:30,createCard
2021/05/07 19:49:30,createCard
2021/05/07 19:49:30,createCard
2021/05/07 19:49:30,createUser
2021/05/07 19:49:31,createUser
2021/05/07 19:49:31,createUser
2021/05/07 19:49:31,createUser
2021/05/07 19:49:31,createOrganizer
2021/05/07 19:49:31,createPrice
2021/05/07 19:49:31,createProductAuction
2021/05/07 19:49:31,placeBid
2021/05/07 19:49:31,placeBid
2021/05/07 19:49:31,modifyBid
2021/05/07 19:49:31,cancelBid
2021/05/07 19:49:31,placeBid
2021/05/07 19:49:31,placeBid
2021/05/07 19:49:31,modifyBid
2021/05/07 19:49:31,cancelBid
2021/05/07 19:49:31,placeBid
2021/05/07 19:49:31,placeBid
2021/05/07 19:49:31,placeBid
2021/05/07 19:49:31,placeBid
2021/05/07 19:49:31,placeBid
2021/05/07 19:49:31,cancelBid
2021/05/07 19:49:31,modifyBid
2021/05/07 19:49:31,createPrice
2021/05/07 19:49:31,createServiceAuction
2021/05/07 19:49:31,placeBid
2021/05/07 19:49:31,placeBid
2021/05/07 19:49:31,modifyBid
2021/05/07 19:49:31,cancelBid
2021/05/07 19:49:31,placeBid
2021/05/07 19:49:31,placeBid
2021/05/07 19:49:31,modifyBid
2021/05/07 19:49:31,cancelBid
2021/05/07 19:49:31,placeBid
2021/05/07 19:49:31,cancelBid
2021/05/07 19:49:31,modifyBid
2021/05/07 19:49:31,cancelBid
2021/05/07 19:49:31,placeBid
2021/05/07 19:49:31,modifyBid
2021/05/07 19:49:31,cancelBid
2021/05/07 19:49:31,placeBid
2021/05/07 19:49:31,createOrganizer
2021/05/07 19:49:31,createServiceAuction
2021/05/07 19:49:31,endAuction
2021/05/07 19:49:31,endAuction
2021/05/07 19:49:31,endAuction
2021/05/07 19:49:31,cancelAuction
2021/05/07 19:49:31,cancelAuction
2021/05/07 19:49:31,cancelAuction
2021/05/07 19:49:31,getAuctions
2021/05/07 19:49:31,getAuctions
2021/05/07 21:08:53,createCard
2021/05/07 21:08:53,createCard
2021/05/07 21:08:53,createCard
2021/05/07 21:08:53,createCard
2021/05/07 21:08:53,createUser
2021/05/07 21:08:53,createUser
2021/05/07 21:08:53,createUser
2021/05/07 21:08:53,createUser
2021/05/07 21:08:53,createOrganizer
2021/05/07 21:08:53,createPrice
2021/05/07 21:08:53,createProductAuction
2021/05/07 21:08:53,placeBid
2021/05/07 21:08:53,placeBid
2021/05/07 21:08:53,modifyBid
2021/05/07 21:08:53,cancelBid
2021/05/07 21:08:53,placeBid
2021/05/07 21:08:53,placeBid
2021/05/07 21:08:53,modifyBid
2021/05/07 21:08:53,cancelBid
2021/05/07 21:08:53,placeBid
2021/05/07 21:08:53,placeBid
2021/05/07 21:08:53,placeBid
2021/05/07 21:08:53,placeBid
2021/05/07 21:08:53,placeBid
2021/05/07 21:08:53,cancelBid
2021/05/07 21:08:53,modifyBid
2021/05/07 21:08:53,createPrice
2021/05/07 21:08:53,createServiceAuction
2021/05/07 21:08:53,placeBid
2021/05/07 21:08:53,placeBid
2021/05/07 21:08:53,modifyBid
2021/05/07 21:08:53,cancelBid
2021/05/07 21:08:53,placeBid
2021/05/07 21:08:53,placeBid
2021/05/07 21:08:53,modifyBid
2021/05/07 21:08:53,cancelBid
2021/05/07 21:08:53,placeBid
2021/05/07 21:08:53,cancelBid
2021/05/07 21:08:53,modifyBid
2021/05/07 21:08:53,cancelBid
2021/05/07 21:08:53,placeBid
2021/05/07 21:08:53,modifyBid
2021/05/07 21:08:53,cancelBid
2021/05/07 21:08:53,placeBid
2021/05/07 21:08:53,createOrganizer
2021/05/07 21:08:53,createServiceAuction
2021/05/07 21:08:53,endAuction
2021/05/07 21:08:53,endAuction
2021/05/07 21:08:53,endAuction
2021/05/07 21:08:53,cancelAuction
2021/05/07 21:08:53,cancelAuction
2021/05/07 21:08:53,cancelAuction
2021/05/07 21:08:53,getAuctions
2021/05/07 21:08:53,getAuctions
2021/05/07 21:10:28,createCard
2021/05/07 21:10:28,createCard
2021/05/07 21:10:28,createCard
2021/05/07 21:10:28,createCard
2021/05/07 21:10:28,createUser
2021/05/07 21:10:28,createUser
2021/05/07 21:10:28,createUser
2021/05/07 21:10:28,createUser
2021/05/07 21:10:28,createOrganizer
2021/05/07 21:10:28,createPrice
2021/05/07 21:10:28,createProductAuction
2021/05/07 21:10:28,placeBid
2021/05/07 21:10:28,placeBid
2021/05/07 21:10:28,modifyBid
2021/05/07 21:10:28,cancelBid
2021/05/07 21:10:28,placeBid
2021/05/07 21:10:28,placeBid
2021/05/07 21:10:28,modifyBid
2021/05/07 21:10:28,cancelBid
2021/05/07 21:10:28,placeBid
2021/05/07 21:10:28,placeBid
2021/05/07 21:10:28,placeBid
2021/05/07 21:10:28,placeBid
2021/05/07 21:10:28,placeBid
2021/05/07 21:10:28,cancelBid
2021/05/07 21:10:28,modifyBid
2021/05/07 21:10:28,createPrice
2021/05/07 21:10:28,createServiceAuction
2021/05/07 21:10:28,placeBid
2021/05/07 21:10:28,placeBid
2021/05/07 21:10:28,modifyBid
2021/05/07 21:10:28,cancelBid
2021/05/07 21:10:28,placeBid
2021/05/07 21:10:28,placeBid
2021/05/07 21:10:28,modifyBid
2021/05/07 21:10:28,cancelBid
2021/05/07 21:10:28,placeBid
2021/05/07 21:10:28,cancelBid
2021/05/07 21:10:28,modifyBid
2021/05/07 21:10:28,cancelBid
2021/05/07 21:10:28,placeBid
2021/05/07 21:10:28,modifyBid
2021/05/07 21:10:28,cancelBid
2021/05/07 21:10:28,placeBid
2021/05/07 21:10:28,createOrganizer
2021/05/07 21:10:28,createServiceAuction
2021/05/07 21:10:28,endAuction
2021/05/07 21:10:28,endAuction
2021/05/07 21:10:28,endAuction
2021/05/07 21:10:28,cancelAuction
2021/05/07 21:10:28,cancelAuction
2021/05/07 21:10:28,cancelAuction
2021/05/07 21:10:28,getAuctions
2021/05/07 21:10:28,getAuctions
2021/05/07 21:10:54,createCard
2021/05/07 21:10:54,createCard
2021/05/07 21:10:54,createCard
2021/05/07 21:10:54,createCard
2021/05/07 21:10:54,createUser
2021/05/07 21:10:54,createUser
2021/05/07 21:10:54,createUser
2021/05/07 21:10:54,createUser
2021/05/07 21:10:54,createOrganizer
2021/05/07 21:10:54,createPrice
2021/05/07 21:10:54,createProductAuction
2021/05/07 21:10:54,placeBid
2021/05/07 21:10:54,placeBid
2021/05/07 21:10:54,modifyBid
2021/05/07 21:10:54,cancelBid
2021/05/07 21:10:54,placeBid
2021/05/07 21:10:54,placeBid
2021/05/07 21:10:54,modifyBid
2021/05/07 21:10:54,cancelBid
2021/05/07 21:10:54,placeBid
2021/05/07 21:10:54,placeBid
2021/05/07 21:10:54,placeBid
2021/05/07 21:10:54,placeBid
2021/05/07 21:10:54,placeBid
2021/05/07 21:10:54,cancelBid
2021/05/07 21:10:54,modifyBid
2021/05/07 21:10:54,createPrice
2021/05/07 21:10:54,createServiceAuction
2021/05/07 21:10:54,placeBid
2021/05/07 21:10:54,placeBid
2021/05/07 21:10:54,modifyBid
2021/05/07 21:10:54,cancelBid
2021/05/07 21:10:54,placeBid
2021/05/07 21:10:54,placeBid
2021/05/07 21:10:54,modifyBid
2021/05/07 21:10:54,cancelBid
2021/05/07 21:10:54,placeBid
2021/05/07 21:10:54,cancelBid
2021/05/07 21:10:54,modifyBid
2021/05/07 21:10:54,cancelBid
2021/05/07 21:10:54,placeBid
2021/05/07 21:10:54,modifyBid
2021/05/07 21:10:54,cancelBid
2021/05/07 21:10:54,placeBid
2021/05/07 21:10:54,createOrganizer
2021/05/07 21:10:54,createServiceAuction
2021/05/07 21:10:54,endAuction
2021/05/07 21:10:54,endAuction
2021/05/07 21:10:54,endAuction
2021/05/07 21:10:54,cancelAuction
2021/05/07 21:10:54,cancelAuction
2021/05/07 21:10:54,cancelAuction
2021/05/07 21:10:54,getAuctions
2021/05/07 21:10:54,getAuctions
2021/05/07 21:11:39,createCard
2021/05/07 21:11:39,createCard
2021/05/07 21:11:39,createCard
2021/05/07 21:11:39,createCard
2021/05/07 21:11:39,createUser
2021/05/07 21:11:39,createUser
2021/05/07 21:11:39,createUser
2021/05/07 21:11:39,createUser
2021/05/07 21:11:39,createOrganizer
2021/05/07 21:11:39,createPrice
2021/05/07 21:11:39,createProductAuction
2021/05/07 21:11:39,placeBid
2021/05/07 21:11:39,placeBid
2021/05/07 21:11:39,modifyBid
2021/05/07 21:11:39,cancelBid
2021/05/07 21:11:39,placeBid
2021/05/07 21:11:39,placeBid
2021/05/07 21:11:39,modifyBid
2021/05/07 21:11:39,cancelBid
2021/05/07 21:11:39,placeBid
2021/05/07 21:11:39,placeBid
2021/05/07 21:11:39,placeBid
2021/05/07 21:11:39,placeBid
2021/05/07 21:11:39,placeBid
2021/05/07 21:11:39,cancelBid
2021/05/07 21:11:39,modifyBid
2021/05/07 21:11:39,createPrice
2021/05/07 21:11:39,createServiceAuction
2021/05/07 21:11:39,placeBid
2021/05/07 21:11:39,placeBid
2021/05/07 21:11:39,modifyBid
2021/05/07 21:11:39,cancelBid
2021/05/07 21:11:39,placeBid
2021/05/07 21:11:39,placeBid
2021/05/07 21:11:39,modifyBid
2021/05/07 21:11:39,cancelBid
2021/05/07 21:11:39,placeBid
2021/05/07 21:11:39,cancelBid
2021/05/07 21:11:39,modifyBid
2021/05/07 21:11:39,cancelBid
2021/05/07 21:11:39,placeBid
2021/05/07 21:11:39,modifyBid
2021/05/07 21:11:39,cancelBid
2021/05/07 21:11:39,placeBid
2021/05/07 21:11:39,createOrganizer
2021/05/07 21:11:39,createServiceAuction
2021/05/07 21:11:39,endAuction
2021/05/07 21:11:39,endAuction
2021/05/07 21:11:39,endAuction
2021/05/07 21:11:39,cancelAuction
2021/05/07 21:11:39,cancelAuction
2021/05/07 21:11:39,cancelAuction
2021/05/07 21:11:39,getAuctions
2021/05/07 21:11:39,getAuctions
2021/05/07 21:12:46,createCard
2021/05/07 21:12:46,createCard
2021/05/07 21:12:46,createCard
2021/05/07 21:12:46,createCard
2021/05/07 21:12:46,createUser
2021/05/07 21:12:46,createUser
2021/05/07 21:12:46,createUser
2021/05/07 21:12:46,createUser
2021/05/07 21:12:46,createOrganizer
2021/05/07 21:12:46,createPrice
2021/05/07 21:12:46,createProductAuction
2021/05/07 21:12:46,placeBid
2021/05/07 21:12:46,placeBid
2021/05/07 21:12:46,modifyBid
2021/05/07 21:12:46,cancelBid
2021/05/07 21:12:46,placeBid
2021/05/07 21:12:46,placeBid
2021/05/07 21:12:46,modifyBid
2021/05/07 21:12:46,cancelBid
2021/05/07 21:12:46,placeBid
2021/05/07 21:12:46,placeBid
2021/05/07 21:12:46,placeBid
2021/05/07 21:12:46,placeBid
2021/05/07 21:12:46,placeBid
2021/05/07 21:12:46,cancelBid
2021/05/07 21:12:46,modifyBid
2021/05/07 21:12:46,createPrice
2021/05/07 21:12:46,createServiceAuction
2021/05/07 21:12:46,placeBid
2021/05/07 21:12:46,placeBid
2021/05/07 21:12:46,modifyBid
2021/05/07 21:12:46,cancelBid
2021/05/07 21:12:46,placeBid
2021/05/07 21:12:46,placeBid
2021/05/07 21:12:46,modifyBid
2021/05/07 21:12:46,cancelBid
2021/05/07 21:12:46,placeBid
2021/05/07 21:12:46,cancelBid
2021/05/07 21:12:46,modifyBid
2021/05/07 21:12:46,cancelBid
2021/05/07 21:12:46,placeBid
2021/05/07 21:12:46,modifyBid
2021/05/07 21:12:46,cancelBid
2021/05/07 21:12:46,placeBid
2021/05/07 21:12:46,createOrganizer
2021/05/07 21:12:46,createServiceAuction
2021/05/07 21:12:46,endAuction
2021/05/07 21:12:46,endAuction
2021/05/07 21:12:46,endAuction
2021/05/07 21:12:46,cancelAuction
2021/05/07 21:12:46,cancelAuction
2021/05/07 21:12:46,cancelAuction
2021/05/07 21:12:46,getAuctions
2021/05/07 21:12:46,getAuctions
2021/05/07 21:13:04,createCard
2021/05/07 21:13:04,createCard
2021/05/07 21:13:04,createCard
2021/05/07 21:13:04,createCard
2021/05/07 21:13:04,createUser
2021/05/07 21:13:04,createUser
2021/05/07 21:13:04,createUser
2021/05/07 21:13:04,createUser
2021/05/07 21:13:04,createOrganizer
2021/05/07 21:13:04,createPrice
2021/05/07 21:13:04,createProductAuction
2021/05/07 21:13:04,placeBid
2021/05/07 21:13:04,placeBid
2021/05/07 21:13:04,modifyBid
2021/05/07 21:13:04,cancelBid
2021/05/07 21:13:04,placeBid
2021/05/07 21:13:04,placeBid
2021/05/07 21:13:04,modifyBid
2021/05/07 21:13:04,cancelBid
2021/05/07 21:13:04,placeBid
2021/05/07 21:13:04,placeBid
2021/05/07 21:13:04,placeBid
2021/05/07 21:13:04,placeBid
2021/05/07 21:13:04,placeBid
2021/05/07 21:13:04,cancelBid
2021/05/07 21:13:04,modifyBid
2021/05/07 21:13:04,createPrice
2021/05/07 21:13:04,createServiceAuction
2021/05/07 21:13:04,placeBid
2021/05/07 21:13:04,placeBid
2021/05/07 21:13:04,modifyBid
2021/05/07 21:13:04,cancelBid
2021/05/07 21:13:04,placeBid
2021/05/07 21:13:04,placeBid
2021/05/07 21:13:04,modifyBid
2021/05/07 21:13:04,cancelBid
2021/05/07 21:13:04,placeBid
2021/05/07 21:13:04,cancelBid
2021/05/07 21:13:04,modifyBid
2021/05/07 21:13:04,cancelBid
2021/05/07 21:13:04,placeBid
2021/05/07 21:13:04,modifyBid
2021/05/07 21:13:04,cancelBid
2021/05/07 21:13:04,placeBid
2021/05/07 21:13:04,createOrganizer
2021/05/07 21:13:04,createServiceAuction
2021/05/07 21:13:04,endAuction
2021/05/07 21:13:04,endAuction
2021/05/07 21:13:05,endAuction
2021/05/07 21:13:05,cancelAuction
2021/05/07 21:13:05,cancelAuction
2021/05/07 21:13:05,cancelAuction
2021/05/07 21:13:05,getAuctions
2021/05/07 21:13:05,getAuctions
2021/05/07 21:14:51,createCard
2021/05/07 21:14:51,createCard
2021/05/07 21:14:51,createCard
2021/05/07 21:14:51,createCard
2021/05/07 21:14:51,createUser
2021/05/07 21:14:52,createUser
2021/05/07 21:14:52,createUser
2021/05/07 21:14:52,createUser
2021/05/07 21:14:52,createOrganizer
2021/05/07 21:14:52,createPrice
2021/05/07 21:14:52,createProductAuction
2021/05/07 21:14:52,placeBid
2021/05/07 21:14:52,placeBid
2021/05/07 21:14:52,modifyBid
2021/05/07 21:14:52,cancelBid
2021/05/07 21:14:52,placeBid
2021/05/07 21:14:52,placeBid
2021/05/07 21:14:52,modifyBid
2021/05/07 21:14:52,cancelBid
2021/05/07 21:14:52,placeBid
2021/05/07 21:14:52,placeBid
2021/05/07 21:14:52,placeBid
2021/05/07 21:14:52,placeBid
2021/05/07 21:14:52,placeBid
2021/05/07 21:14:52,cancelBid
2021/05/07 21:14:52,modifyBid
2021/05/07 21:14:52,createPrice
2021/05/07 21:14:52,createServiceAuction
2021/05/07 21:14:52,placeBid
2021/05/07 21:14:52,placeBid
2021/05/07 21:14:52,modifyBid
2021/05/07 21:14:52,cancelBid
2021/05/07 21:14:52,placeBid
2021/05/07 21:14:52,placeBid
2021/05/07 21:14:52,modifyBid
2021/05/07 21:14:52,cancelBid
2021/05/07 21:14:52,placeBid
2021/05/07 21:14:52,cancelBid
2021/05/07 21:14:52,modifyBid
2021/05/07 21:14:52,cancelBid
2021/05/07 21:14:52,placeBid
2021/05/07 21:14:52,modifyBid
2021/05/07 21:14:52,cancelBid
2021/05/07 21:14:52,placeBid
2021/05/07 21:14:52,createOrganizer
2021/05/07 21:14:52,createServiceAuction
2021/05/07 21:14:52,endAuction
2021/05/07 21:14:52,endAuction
2021/05/07 21:14:52,endAuction
2021/05/07 21:14:52,cancelAuction
2021/05/07 21:14:52,cancelAuction
2021/05/07 21:14:52,cancelAuction
2021/05/07 21:14:52,getAuctions
2021/05/07 21:14:52,getAuctions
2021/05/07 21:15:03,createCard
2021/05/07 21:15:03,createCard
2021/05/07 21:15:03,createCard
2021/05/07 21:15:03,createCard
2021/05/07 21:15:03,createUser
2021/05/07 21:15:03,createUser
2021/05/07 21:15:03,createUser
2021/05/07 21:15:03,createUser
2021/05/07 21:15:03,createOrganizer
2021/05/07 21:15:03,createPrice
2021/05/07 21:15:03,createProductAuction
2021/05/07 21:15:03,placeBid
2021/05/07 21:15:03,placeBid
2021/05/07 21:15:03,modifyBid
2021/05/07 21:15:03,cancelBid
2021/05/07 21:15:03,placeBid
2021/05/07 21:15:03,placeBid
2021/05/07 21:15:03,modifyBid
2021/05/07 21:15:03,cancelBid
2021/05/07 21:15:03,placeBid
2021/05/07 21:15:03,placeBid
2021/05/07 21:15:03,placeBid
2021/05/07 21:15:03,placeBid
2021/05/07 21:15:03,placeBid
2021/05/07 21:15:03,cancelBid
2021/05/07 21:15:03,modifyBid
2021/05/07 21:15:03,createPrice
2021/05/07 21:15:03,createServiceAuction
2021/05/07 21:15:03,placeBid
2021/05/07 21:15:03,placeBid
2021/05/07 21:15:03,modifyBid
2021/05/07 21:15:03,cancelBid
2021/05/07 21:15:03,placeBid
2021/05/07 21:15:03,placeBid
2021/05/07 21:15:03,modifyBid
2021/05/07 21:15:03,cancelBid
2021/05/07 21:15:03,placeBid
2021/05/07 21:15:03,cancelBid
2021/05/07 21:15:03,modifyBid
2021/05/07 21:15:03,cancelBid
2021/05/07 21:15:03,placeBid
2021/05/07 21:15:03,modifyBid
2021/05/07 21:15:03,cancelBid
2021/05/07 21:15:03,placeBid
2021/05/07 21:15:03,createOrganizer
2021/05/07 21:15:03,createServiceAuction
2021/05/07 21:15:03,endAuction
2021/05/07 21:15:03,endAuction
2021/05/07 21:15:03,endAuction
2021/05/07 21:15:03,cancelAuction
2021/05/07 21:15:03,cancelAuction
2021/05/07 21:15:03,cancelAuction
2021/05/07 21:15:03,getAuctions
2021/05/07 21:15:03,getAuctions
2021/05/07 21:15:14,createCard
2021/05/07 21:15:14,createCard
2021/05/07 21:15:14,createCard
2021/05/07 21:15:14,createCard
2021/05/07 21:15:14,createUser
2021/05/07 21:15:14,createUser
2021/05/07 21:15:14,createUser
2021/05/07 21:15:14,createUser
2021/05/07 21:15:14,createOrganizer
2021/05/07 21:15:14,createPrice
2021/05/07 21:15:14,createProductAuction
2021/05/07 21:15:14,placeBid
2021/05/07 21:15:14,placeBid
2021/05/07 21:15:14,modifyBid
2021/05/07 21:15:14,cancelBid
2021/05/07 21:15:14,placeBid
2021/05/07 21:15:14,placeBid
2021/05/07 21:15:14,modifyBid
2021/05/07 21:15:14,cancelBid
2021/05/07 21:15:14,placeBid
2021/05/07 21:15:14,placeBid
2021/05/07 21:15:14,placeBid
2021/05/07 21:15:14,placeBid
2021/05/07 21:15:14,placeBid
2021/05/07 21:15:14,cancelBid
2021/05/07 21:15:14,modifyBid
2021/05/07 21:15:14,createPrice
2021/05/07 21:15:14,createServiceAuction
2021/05/07 21:15:14,placeBid
2021/05/07 21:15:14,placeBid
2021/05/07 21:15:14,modifyBid
2021/05/07 21:15:14,cancelBid
2021/05/07 21:15:14,placeBid
2021/05/07 21:15:14,placeBid
2021/05/07 21:15:14,modifyBid
2021/05/07 21:15:14,cancelBid
2021/05/07 21:15:14,placeBid
2021/05/07 21:15:14,cancelBid
2021/05/07 21:15:14,modifyBid
2021/05/07 21:15:14,cancelBid
2021/05/07 21:15:14,placeBid
2021/05/07 21:15:14,modifyBid
2021/05/07 21:15:14,cancelBid
2021/05/07 21:15:14,placeBid
2021/05/07 21:15:14,createOrganizer
2021/05/07 21:15:14,createServiceAuction
2021/05/07 21:15:14,endAuction
2021/05/07 21:15:14,endAuction
2021/05/07 21:15:14,endAuction
2021/05/07 21:15:14,cancelAuction
2021/05/07 21:15:14,cancelAuction
2021/05/07 21:15:14,cancelAuction
2021/05/07 21:15:14,getAuctions
2021/05/07 21:15:14,getAuctions
2021/05/07 21:15:49,createCard
2021/05/07 21:15:49,createCard
2021/05/07 21:15:49,createCard
2021/05/07 21:15:49,createCard
2021/05/07 21:15:49,createUser
2021/05/07 21:15:49,createUser
2021/05/07 21:15:49,createUser
2021/05/07 21:15:49,createUser
2021/05/07 21:15:49,createOrganizer
2021/05/07 21:15:49,createPrice
2021/05/07 21:15:49,createProductAuction
2021/05/07 21:15:49,placeBid
2021/05/07 21:15:49,placeBid
2021/05/07 21:15:49,modifyBid
2021/05/07 21:15:49,cancelBid
2021/05/07 21:15:49,placeBid
2021/05/07 21:15:49,placeBid
2021/05/07 21:15:49,modifyBid
2021/05/07 21:15:49,cancelBid
2021/05/07 21:15:49,placeBid
2021/05/07 21:15:49,placeBid
2021/05/07 21:15:49,placeBid
2021/05/07 21:15:49,placeBid
2021/05/07 21:15:49,placeBid
2021/05/07 21:15:49,cancelBid
2021/05/07 21:15:49,modifyBid
2021/05/07 21:15:49,createPrice
2021/05/07 21:15:49,createServiceAuction
2021/05/07 21:15:49,placeBid
2021/05/07 21:15:49,placeBid
2021/05/07 21:15:49,modifyBid
2021/05/07 21:15:49,cancelBid
2021/05/07 21:15:49,placeBid
2021/05/07 21:15:49,placeBid
2021/05/07 21:15:49,modifyBid
2021/05/07 21:15:49,cancelBid
2021/05/07 21:15:49,placeBid
2021/05/07 21:15:49,cancelBid
2021/05/07 21:15:49,modifyBid
2021/05/07 21:15:49,cancelBid
2021/05/07 21:15:49,placeBid
2021/05/07 21:15:49,modifyBid
2021/05/07 21:15:49,cancelBid
2021/05/07 21:15:49,placeBid
2021/05/07 21:15:49,createOrganizer
2021/05/07 21:15:49,createServiceAuction
2021/05/07 21:15:49,endAuction
2021/05/07 21:15:49,endAuction
2021/05/07 21:15:49,endAuction
2021/05/07 21:15:49,cancelAuction
2021/05/07 21:15:49,cancelAuction
2021/05/07 21:15:49,cancelAuction
2021/05/07 21:15:49,getAuctions
2021/05/07 21:15:49,getAuctions
2021/05/07 21:16:20,createCard
2021/05/07 21:16:20,createCard
2021/05/07 21:16:20,createCard
2021/05/07 21:16:20,createCard
2021/05/07 21:16:20,createUser
2021/05/07 21:16:20,createUser
2021/05/07 21:16:20,createUser
2021/05/07 21:16:20,createUser
2021/05/07 21:16:20,createOrganizer
2021/05/07 21:16:20,createPrice
2021/05/07 21:16:20,createProductAuction
2021/05/07 21:16:20,placeBid
2021/05/07 21:16:20,placeBid
2021/05/07 21:16:20,modifyBid
2021/05/07 21:16:20,cancelBid
2021/05/07 21:16:20,placeBid
2021/05/07 21:16:20,placeBid
2021/05/07 21:16:20,modifyBid
2021/05/07 21:16:20,cancelBid
2021/05/07 21:16:20,placeBid
2021/05/07 21:16:20,placeBid
2021/05/07 21:16:20,placeBid
2021/05/07 21:16:20,placeBid
2021/05/07 21:16:20,placeBid
2021/05/07 21:16:20,cancelBid
2021/05/07 21:16:20,modifyBid
2021/05/07 21:16:20,createPrice
2021/05/07 21:16:20,createServiceAuction
2021/05/07 21:16:20,placeBid
2021/05/07 21:16:20,placeBid
2021/05/07 21:16:20,modifyBid
2021/05/07 21:16:20,cancelBid
2021/05/07 21:16:20,placeBid
2021/05/07 21:16:20,placeBid
2021/05/07 21:16:20,modifyBid
2021/05/07 21:16:20,cancelBid
2021/05/07 21:16:20,placeBid
2021/05/07 21:16:20,cancelBid
2021/05/07 21:16:20,modifyBid
2021/05/07 21:16:20,cancelBid
2021/05/07 21:16:20,placeBid
2021/05/07 21:16:20,modifyBid
2021/05/07 21:16:20,cancelBid
2021/05/07 21:16:20,placeBid
2021/05/07 21:16:20,createOrganizer
2021/05/07 21:16:20,createServiceAuction
2021/05/07 21:16:20,endAuction
2021/05/07 21:16:20,endAuction
2021/05/07 21:16:20,endAuction
2021/05/07 21:16:20,cancelAuction
2021/05/07 21:16:20,cancelAuction
2021/05/07 21:16:20,cancelAuction
2021/05/07 21:16:20,getAuctions
2021/05/07 21:16:20,getAuctions
2021/05/07 21:16:20,getAuctions
2021/05/07 21:18:45,createCard
2021/05/07 21:18:45,createCard
2021/05/07 21:18:45,createCard
2021/05/07 21:18:45,createCard
2021/05/07 21:18:45,createUser
2021/05/07 21:18:45,createUser
2021/05/07 21:18:45,createUser
2021/05/07 21:18:45,createUser
2021/05/07 21:18:45,createOrganizer
2021/05/07 21:18:45,createPrice
2021/05/07 21:18:45,createProductAuction
2021/05/07 21:18:45,placeBid
2021/05/07 21:18:45,placeBid
2021/05/07 21:18:45,modifyBid
2021/05/07 21:18:45,cancelBid
2021/05/07 21:18:45,placeBid
2021/05/07 21:18:45,placeBid
2021/05/07 21:18:45,modifyBid
2021/05/07 21:18:45,cancelBid
2021/05/07 21:18:45,placeBid
2021/05/07 21:18:45,placeBid
2021/05/07 21:18:45,placeBid
2021/05/07 21:18:45,placeBid
2021/05/07 21:18:45,placeBid
2021/05/07 21:18:45,cancelBid
2021/05/07 21:18:45,modifyBid
2021/05/07 21:18:45,createPrice
2021/05/07 21:18:45,createServiceAuction
2021/05/07 21:18:45,placeBid
2021/05/07 21:18:45,placeBid
2021/05/07 21:18:45,modifyBid
2021/05/07 21:18:45,cancelBid
2021/05/07 21:18:45,placeBid
2021/05/07 21:18:45,placeBid
2021/05/07 21:18:45,modifyBid
2021/05/07 21:18:45,cancelBid
2021/05/07 21:18:45,placeBid
2021/05/07 21:18:45,cancelBid
2021/05/07 21:18:45,modifyBid
2021/05/07 21:18:45,cancelBid
2021/05/07 21:18:45,placeBid
2021/05/07 21:18:45,modifyBid
2021/05/07 21:18:45,cancelBid
2021/05/07 21:18:45,placeBid
2021/05/07 21:18:45,createOrganizer
2021/05/07 21:18:45,createServiceAuction
2021/05/07 21:18:45,endAuction
2021/05/07 21:18:45,endAuction
2021/05/07 21:18:46,endAuction
2021/05/07 21:18:46,cancelAuction
2021/05/07 21:18:46,cancelAuction
2021/05/07 21:18:46,cancelAuction
2021/05/07 21:18:46,getAuctions
2021/05/07 21:18:46,getAuctions
2021/05/07 21:18:46,getAuctions
2021/05/07 21:18:46,getAuctions
2021/05/07 21:19:00,createCard
2021/05/07 21:19:00,createCard
2021/05/07 21:19:00,createCard
2021/05/07 21:19:00,createCard
2021/05/07 21:19:00,createUser
2021/05/07 21:19:00,createUser
2021/05/07 21:19:00,createUser
2021/05/07 21:19:00,createUser
2021/05/07 21:19:00,createOrganizer
2021/05/07 21:19:00,createPrice
2021/05/07 21:19:00,createProductAuction
2021/05/07 21:19:00,placeBid
2021/05/07 21:19:00,placeBid
2021/05/07 21:19:00,modifyBid
2021/05/07 21:19:00,cancelBid
2021/05/07 21:19:00,placeBid
2021/05/07 21:19:00,placeBid
2021/05/07 21:19:00,modifyBid
2021/05/07 21:19:00,cancelBid
2021/05/07 21:19:00,placeBid
2021/05/07 21:19:00,placeBid
2021/05/07 21:19:00,placeBid
2021/05/07 21:19:00,placeBid
2021/05/07 21:19:00,placeBid
2021/05/07 21:19:00,cancelBid
2021/05/07 21:19:00,modifyBid
2021/05/07 21:19:00,createPrice
2021/05/07 21:19:00,createServiceAuction
2021/05/07 21:19:00,placeBid
2021/05/07 21:19:00,placeBid
2021/05/07 21:19:00,modifyBid
2021/05/07 21:19:00,cancelBid
2021/05/07 21:19:00,placeBid
2021/05/07 21:19:00,placeBid
2021/05/07 21:19:00,modifyBid
2021/05/07 21:19:00,cancelBid
2021/05/07 21:19:00,placeBid
2021/05/07 21:19:00,cancelBid
2021/05/07 21:19:00,modifyBid
2021/05/07 21:19:00,cancelBid
2021/05/07 21:19:00,placeBid
2021/05/07 21:19:00,modifyBid
2021/05/07 21:19:00,cancelBid
2021/05/07 21:19:00,placeBid
2021/05/07 21:19:00,createOrganizer
2021/05/07 21:19:00,createServiceAuction
2021/05/07 21:19:00,endAuction
2021/05/07 21:19:00,endAuction
2021/05/07 21:19:00,endAuction
2021/05/07 21:19:00,cancelAuction
2021/05/07 21:19:00,cancelAuction
2021/05/07 21:19:00,cancelAuction
2021/05/07 21:19:00,getAuctions
2021/05/07 21:19:00,getAuctions
2021/05/07 21:19:00,getAuctions
2021/05/07 21:19:00,getAuctions
2021/05/07 21:19:00,getAuctions
createCard,2021/05/07 21:33:02
createCard,2021/05/07 21:33:02
createCard,2021/05/07 21:33:02
createCard,2021/05/07 21:33:02
createUser,2021/05/07 21:33:02
createUser,2021/05/07 21:33:02
createUser,2021/05/07 21:33:02
createUser,2021/05/07 21:33:02
createOrganizer,2021/05/07 21:33:02
createPrice,2021/05/07 21:33:02
createProductAuction,2021/05/07 21:33:02
placeBid,2021/05/07 21:33:02
placeBid,2021/05/07 21:33:02
modifyBid,2021/05/07 21:33:02
cancelBid,2021/05/07 21:33:02
placeBid,2021/05/07 21:33:02
placeBid,2021/05/07 21:33:02
modifyBid,2021/05/07 21:33:02
cancelBid,2021/05/07 21:33:02
placeBid,2021/05/07 21:33:02
placeBid,2021/05/07 21:33:02
placeBid,2021/05/07 21:33:02
placeBid,2021/05/07 21:33:02
placeBid,2021/05/07 21:33:02
cancelBid,2021/05/07 21:33:02
modifyBid,2021/05/07 21:33:02
createPrice,2021/05/07 21:33:02
createServiceAuction,2021/05/07 21:33:02
placeBid,2021/05/07 21:33:02
placeBid,2021/05/07 21:33:02
modifyBid,2021/05/07 21:33:02
cancelBid,2021/05/07 21:33:02
placeBid,2021/05/07 21:33:02
placeBid,2021/05/07 21:33:02
modifyBid,2021/05/07 21:33:02
cancelBid,2021/05/07 21:33:02
placeBid,2021/05/07 21:33:02
cancelBid,2021/05/07 21:33:02
modifyBid,2021/05/07 21:33:02
cancelBid,2021/05/07 21:33:02
placeBid,2021/05/07 21:33:02
modifyBid,2021/05/07 21:33:02
cancelBid,2021/05/07 21:33:02
placeBid,2021/05/07 21:33:02
createOrganizer,2021/05/07 21:33:02
createServiceAuction,2021/05/07 21:33:02
endAuction,2021/05/07 21:33:02
endAuction,2021/05/07 21:33:02
endAuction,2021/05/07 21:33:02
cancelAuction,2021/05/07 21:33:02
cancelAuction,2021/05/07 21:33:02
cancelAuction,2021/05/07 21:33:02
getAuctions,2021/05/07 21:33:02
getAuctions,2021/05/07 21:33:02
getAuctions,2021/05/07 21:33:02
getAuctions,2021/05/07 21:33:02
getAuctions,2021/05/07 21:33:02
getAuctions,2021/05/07 21:33:02
create_card,2021/05/07 21:38:55
create_card,2021/05/07 21:38:55
create_card,2021/05/07 21:38:55
create_card,2021/05/07 21:38:55
create_user,2021/05/07 21:38:55
create_user,2021/05/07 21:38:56
create_user,2021/05/07 21:38:56
create_user,2021/05/07 21:38:56
create_organizer,2021/05/07 21:38:56
create_price,2021/05/07 21:38:56
create_product_auction,2021/05/07 21:38:56
place_bid,2021/05/07 21:38:56
place_bid,2021/05/07 21:38:56
modify_bid,2021/05/07 21:38:56
cancel_bid,2021/05/07 21:38:56
place_bid,2021/05/07 21:38:56
place_bid,2021/05/07 21:38:56
modify_bid,2021/05/07 21:38:56
cancel_bid,2021/05/07 21:38:56
place_bid,2021/05/07 21:38:56
place_bid,2021/05/07 21:38:56
place_bid,2021/05/07 21:38:56
place_bid,2021/05/07 21:38:56
place_bid,2021/05/07 21:38:56
cancel_bid,2021/05/07 21:38:56
modify_bid,2021/05/07 21:38:56
create_price,2021/05/07 21:38:56
create_service_auction,2021/05/07 21:38:56
place_bid,2021/05/07 21:38:56
place_bid,2021/05/07 21:38:56
modify_bid,2021/05/07 21:38:56
cancel_bid,2021/05/07 21:38:56
place_bid,2021/05/07 21:38:56
place_bid,2021/05/07 21:38:56
modify_bid,2021/05/07 21:38:56
cancel_bid,2021/05/07 21:38:56
place_bid,2021/05/07 21:38:56
cancel_bid,2021/05/07 21:38:56
modify_bid,2021/05/07 21:38:56
cancel_bid,2021/05/07 21:38:56
place_bid,2021/05/07 21:38:56
modify_bid,2021/05/07 21:38:56
cancel_bid,2021/05/07 21:38:56
place_bid,2021/05/07 21:38:56
create_organizer,2021/05/07 21:38:56
create_service_auction,2021/05/07 21:38:56
end_auction,2021/05/07 21:38:56
end_auction,2021/05/07 21:38:56
end_auction,2021/05/07 21:38:56
cancel_auction,2021/05/07 21:38:56
cancel_auction,2021/05/07 21:38:56
cancel_auction,2021/05/07 21:38:56
get_auctions,2021/05/07 21:38:56
get_auctions,2021/05/07 21:38:56
get_auctions,2021/05/07 21:38:56
get_auctions,2021/05/07 21:38:56
get_auctions,2021/05/07 21:38:56
get_auctions,2021/05/07 21:38:56
get_auctions,2021/05/07 21:38:56
